-- ----------------------------------------------------------------------------------------
-- 테이블과 시퀀스를 다 생성후 밑의 쿼리로 국가를 추가할것
SET define OFF;
Insert into BF.COUNTRY (COUNTRY_NUM,COUNTRY_NAME,COUNTRY_EN) values ('GH','가나','GHANA');
Insert into BF.COUNTRY (COUNTRY_NUM,COUNTRY_NAME,COUNTRY_EN) values ('GA','가봉','GABON');
Insert into BF.COUNTRY (COUNTRY_NUM,COUNTRY_NAME,COUNTRY_EN) values ('GM','감비아','GAMBIA');
Insert into BF.COUNTRY (COUNTRY_NUM,COUNTRY_NAME,COUNTRY_EN) values ('GG','건지','GUERNSEY');
Insert into BF.COUNTRY (COUNTRY_NUM,COUNTRY_NAME,COUNTRY_EN) values ('GP','과델로프','GUADELOUPE');
Insert into BF.COUNTRY (COUNTRY_NUM,COUNTRY_NAME,COUNTRY_EN) values ('GT','과테말라','GUATEMALA');
Insert into BF.COUNTRY (COUNTRY_NUM,COUNTRY_NAME,COUNTRY_EN) values ('GU','괌','GUAM');
Insert into BF.COUNTRY (COUNTRY_NUM,COUNTRY_NAME,COUNTRY_EN) values ('GD','그라나다','GRENADA');
Insert into BF.COUNTRY (COUNTRY_NUM,COUNTRY_NAME,COUNTRY_EN) values ('GE','그루지아','GEORGIA');
Insert into BF.COUNTRY (COUNTRY_NUM,COUNTRY_NAME,COUNTRY_EN) values ('GR','그리스','GREECE');
Insert into BF.COUNTRY (COUNTRY_NUM,COUNTRY_NAME,COUNTRY_EN) values ('GL','그린랜드','GREENLAND');
Insert into BF.COUNTRY (COUNTRY_NUM,COUNTRY_NAME,COUNTRY_EN) values ('GW','기네비소','GUINEA-BISSAU');
Insert into BF.COUNTRY (COUNTRY_NUM,COUNTRY_NAME,COUNTRY_EN) values ('GN','기니','GUINEA');
Insert into BF.COUNTRY (COUNTRY_NUM,COUNTRY_NAME,COUNTRY_EN) values ('GY','기야나','GUYANA');
Insert into BF.COUNTRY (COUNTRY_NUM,COUNTRY_NAME,COUNTRY_EN) values ('NA','나미비아','NAMIBIA');
Insert into BF.COUNTRY (COUNTRY_NUM,COUNTRY_NAME,COUNTRY_EN) values ('NR','나우루','NAURU');
Insert into BF.COUNTRY (COUNTRY_NUM,COUNTRY_NAME,COUNTRY_EN) values ('NG','나이지리아','NIGERIA');
Insert into BF.COUNTRY (COUNTRY_NUM,COUNTRY_NAME,COUNTRY_EN) values ('ZA','남아프리카','SOUTH AFRICA');
Insert into BF.COUNTRY (COUNTRY_NUM,COUNTRY_NAME,COUNTRY_EN) values ('GS','남조지아 & 남샌드위치 군도','SOUTH GEORGIA AND THE SOUTH SANDWICH ISLANDS');
Insert into BF.COUNTRY (COUNTRY_NUM,COUNTRY_NAME,COUNTRY_EN) values ('NL','네덜란드','NETHERLANDS');
Insert into BF.COUNTRY (COUNTRY_NUM,COUNTRY_NAME,COUNTRY_EN) values ('AN','네덜란드 열도','NETHERLANDS ANTILLES');
Insert into BF.COUNTRY (COUNTRY_NUM,COUNTRY_NAME,COUNTRY_EN) values ('NP','네팔','NEPAL');
Insert into BF.COUNTRY (COUNTRY_NUM,COUNTRY_NAME,COUNTRY_EN) values ('NO','노르웨이','NORWAY');
Insert into BF.COUNTRY (COUNTRY_NUM,COUNTRY_NAME,COUNTRY_EN) values ('NF','노포크 섬','NORFOLK ISLAND');
Insert into BF.COUNTRY (COUNTRY_NUM,COUNTRY_NAME,COUNTRY_EN) values ('NZ','뉴질랜드','NEW ZEALAND');
Insert into BF.COUNTRY (COUNTRY_NUM,COUNTRY_NAME,COUNTRY_EN) values ('NC','뉴 칼레도니아','NEW CALEDONIA');
Insert into BF.COUNTRY (COUNTRY_NUM,COUNTRY_NAME,COUNTRY_EN) values ('NU','니우에','NIUE');
Insert into BF.COUNTRY (COUNTRY_NUM,COUNTRY_NAME,COUNTRY_EN) values ('NE','니제르','NIGER');
Insert into BF.COUNTRY (COUNTRY_NUM,COUNTRY_NAME,COUNTRY_EN) values ('NI','니카라과','NICARAGUA');
Insert into BF.COUNTRY (COUNTRY_NUM,COUNTRY_NAME,COUNTRY_EN) values ('TW','대만','TAIWAN, PROVINCE OF CHINA');
Insert into BF.COUNTRY (COUNTRY_NUM,COUNTRY_NAME,COUNTRY_EN) values ('DK','덴마크','DENMARK');
Insert into BF.COUNTRY (COUNTRY_NUM,COUNTRY_NAME,COUNTRY_EN) values ('DM','도미니카','DOMINICA');
Insert into BF.COUNTRY (COUNTRY_NUM,COUNTRY_NAME,COUNTRY_EN) values ('DO','도미니카 공화국','DOMINICAN REPUBLIC');
Insert into BF.COUNTRY (COUNTRY_NUM,COUNTRY_NAME,COUNTRY_EN) values ('DE','독일','GERMANY');
Insert into BF.COUNTRY (COUNTRY_NUM,COUNTRY_NAME,COUNTRY_EN) values ('TL','동티모르','EAST TIMOR');
Insert into BF.COUNTRY (COUNTRY_NUM,COUNTRY_NAME,COUNTRY_EN) values ('LA','라오스','LAO PEOPLE''S DEMOCRATIC REPUBLIC');
Insert into BF.COUNTRY (COUNTRY_NUM,COUNTRY_NAME,COUNTRY_EN) values ('LR','라이베리아','LIBERIA');
Insert into BF.COUNTRY (COUNTRY_NUM,COUNTRY_NAME,COUNTRY_EN) values ('LV','라트비아','LATVIA');
Insert into BF.COUNTRY (COUNTRY_NUM,COUNTRY_NAME,COUNTRY_EN) values ('RU','러시아','RUSSIAN FEDERATION');
Insert into BF.COUNTRY (COUNTRY_NUM,COUNTRY_NAME,COUNTRY_EN) values ('LB','레바논','LEBANON');
Insert into BF.COUNTRY (COUNTRY_NUM,COUNTRY_NAME,COUNTRY_EN) values ('LS','레소토','LESOTHO');
Insert into BF.COUNTRY (COUNTRY_NUM,COUNTRY_NAME,COUNTRY_EN) values ('RO','루마니아','ROMANIA');
Insert into BF.COUNTRY (COUNTRY_NUM,COUNTRY_NAME,COUNTRY_EN) values ('LU','룩셈부르크','LUXEMBOURG');
Insert into BF.COUNTRY (COUNTRY_NUM,COUNTRY_NAME,COUNTRY_EN) values ('RW','르완다','RWANDA');
Insert into BF.COUNTRY (COUNTRY_NUM,COUNTRY_NAME,COUNTRY_EN) values ('LY','리비아','LIBYAN ARAB JAMAHIRIYA');
Insert into BF.COUNTRY (COUNTRY_NUM,COUNTRY_NAME,COUNTRY_EN) values ('LT','리투아니아','LITHUANIA');
Insert into BF.COUNTRY (COUNTRY_NUM,COUNTRY_NAME,COUNTRY_EN) values ('LI','리히텐슈타인','LIECHTENSTEIN');
Insert into BF.COUNTRY (COUNTRY_NUM,COUNTRY_NAME,COUNTRY_EN) values ('MG','마다카스카르','MADAGASCAR');
Insert into BF.COUNTRY (COUNTRY_NUM,COUNTRY_NAME,COUNTRY_EN) values ('MH','마샬군도','MARSHALL ISLANDS');
Insert into BF.COUNTRY (COUNTRY_NUM,COUNTRY_NAME,COUNTRY_EN) values ('FM','마이크로네시아','MICRONESIA');
Insert into BF.COUNTRY (COUNTRY_NUM,COUNTRY_NAME,COUNTRY_EN) values ('MO','마카오','MACAU');
Insert into BF.COUNTRY (COUNTRY_NUM,COUNTRY_NAME,COUNTRY_EN) values ('MK','마케도니아','REPUBLIC OF MACEDONIA');
Insert into BF.COUNTRY (COUNTRY_NUM,COUNTRY_NAME,COUNTRY_EN) values ('MQ','마티니크','MARTINIQUE');
Insert into BF.COUNTRY (COUNTRY_NUM,COUNTRY_NAME,COUNTRY_EN) values ('MW','말라위','MALAWI');
Insert into BF.COUNTRY (COUNTRY_NUM,COUNTRY_NAME,COUNTRY_EN) values ('MY','말레이시아','MALAYSIA');
Insert into BF.COUNTRY (COUNTRY_NUM,COUNTRY_NAME,COUNTRY_EN) values ('ML','말리','MALI');
Insert into BF.COUNTRY (COUNTRY_NUM,COUNTRY_NAME,COUNTRY_EN) values ('IM','맨섬','ISLE OF MAN');
Insert into BF.COUNTRY (COUNTRY_NUM,COUNTRY_NAME,COUNTRY_EN) values ('YT','메요트','MAYOTTE');
Insert into BF.COUNTRY (COUNTRY_NUM,COUNTRY_NAME,COUNTRY_EN) values ('MX','멕시코','MEXICO');
Insert into BF.COUNTRY (COUNTRY_NUM,COUNTRY_NAME,COUNTRY_EN) values ('MC','모나코','MONACO');
Insert into BF.COUNTRY (COUNTRY_NUM,COUNTRY_NAME,COUNTRY_EN) values ('MA','모로코','MOROCCO');
Insert into BF.COUNTRY (COUNTRY_NUM,COUNTRY_NAME,COUNTRY_EN) values ('MU','모리셔스','MAURITIUS');
Insert into BF.COUNTRY (COUNTRY_NUM,COUNTRY_NAME,COUNTRY_EN) values ('MR','모리타니','MAURITANIA');
Insert into BF.COUNTRY (COUNTRY_NUM,COUNTRY_NAME,COUNTRY_EN) values ('MZ','모잠비크','MOZAMBIQUE');
Insert into BF.COUNTRY (COUNTRY_NUM,COUNTRY_NAME,COUNTRY_EN) values ('MS','몬세라','MONTSERRAT');
Insert into BF.COUNTRY (COUNTRY_NUM,COUNTRY_NAME,COUNTRY_EN) values ('ME','몬테네그로','MONTENEGRO');
Insert into BF.COUNTRY (COUNTRY_NUM,COUNTRY_NAME,COUNTRY_EN) values ('MD','몰도바','MOLDOVA, REPUBLIC OF');
Insert into BF.COUNTRY (COUNTRY_NUM,COUNTRY_NAME,COUNTRY_EN) values ('MV','몰디브','MALDIVES');
Insert into BF.COUNTRY (COUNTRY_NUM,COUNTRY_NAME,COUNTRY_EN) values ('MT','몰타','MALTA');
Insert into BF.COUNTRY (COUNTRY_NUM,COUNTRY_NAME,COUNTRY_EN) values ('MN','몽골','MONGOLIA');
Insert into BF.COUNTRY (COUNTRY_NUM,COUNTRY_NAME,COUNTRY_EN) values ('US','미국','UNITED STATES');
Insert into BF.COUNTRY (COUNTRY_NUM,COUNTRY_NAME,COUNTRY_EN) values ('VI','미국령 버진군도','VIRGIN ISLANDS, U.S.');
Insert into BF.COUNTRY (COUNTRY_NUM,COUNTRY_NAME,COUNTRY_EN) values ('UM','미국의 군도','UNITED STATES MINOR OUTLYING ISLANDS');
Insert into BF.COUNTRY (COUNTRY_NUM,COUNTRY_NAME,COUNTRY_EN) values ('MM','미얀마(버마)','MYANMAR');
Insert into BF.COUNTRY (COUNTRY_NUM,COUNTRY_NAME,COUNTRY_EN) values ('VU','바누아투','VANUATU');
Insert into BF.COUNTRY (COUNTRY_NUM,COUNTRY_NAME,COUNTRY_EN) values ('BH','바레인','BAHRAIN');
Insert into BF.COUNTRY (COUNTRY_NUM,COUNTRY_NAME,COUNTRY_EN) values ('BB','바베이도스','BARBADOS');
Insert into BF.COUNTRY (COUNTRY_NUM,COUNTRY_NAME,COUNTRY_EN) values ('VA','바티칸시티','VATICAN CITY STATE ');
Insert into BF.COUNTRY (COUNTRY_NUM,COUNTRY_NAME,COUNTRY_EN) values ('BS','바하마','BAHAMAS');
Insert into BF.COUNTRY (COUNTRY_NUM,COUNTRY_NAME,COUNTRY_EN) values ('BD','방글라데시','BANGLADESH');
Insert into BF.COUNTRY (COUNTRY_NUM,COUNTRY_NAME,COUNTRY_EN) values ('BM','버뮤다','BERMUDA');
Insert into BF.COUNTRY (COUNTRY_NUM,COUNTRY_NAME,COUNTRY_EN) values ('VE','베네주엘라','VENEZUELA');
Insert into BF.COUNTRY (COUNTRY_NUM,COUNTRY_NAME,COUNTRY_EN) values ('BJ','베닌','BENIN');
Insert into BF.COUNTRY (COUNTRY_NUM,COUNTRY_NAME,COUNTRY_EN) values ('VN','베트남','VIET NAM');
Insert into BF.COUNTRY (COUNTRY_NUM,COUNTRY_NAME,COUNTRY_EN) values ('BE','벨기에','BELGIUM');
Insert into BF.COUNTRY (COUNTRY_NUM,COUNTRY_NAME,COUNTRY_EN) values ('BY','벨로루시','BELARUS');
Insert into BF.COUNTRY (COUNTRY_NUM,COUNTRY_NAME,COUNTRY_EN) values ('BZ','벨리즈','BELIZE');
Insert into BF.COUNTRY (COUNTRY_NUM,COUNTRY_NAME,COUNTRY_EN) values ('BV','보빗 군도','BOUVET ISLAND');
Insert into BF.COUNTRY (COUNTRY_NUM,COUNTRY_NAME,COUNTRY_EN) values ('BA','보스니아-헤르체코비나','BOSNIA HERCEGOVINA');
Insert into BF.COUNTRY (COUNTRY_NUM,COUNTRY_NAME,COUNTRY_EN) values ('BW','보츠와나','BOTSWANA');
Insert into BF.COUNTRY (COUNTRY_NUM,COUNTRY_NAME,COUNTRY_EN) values ('BO','볼리비아','BOLIVIA');
Insert into BF.COUNTRY (COUNTRY_NUM,COUNTRY_NAME,COUNTRY_EN) values ('BI','부룬디','BURUNDI');
Insert into BF.COUNTRY (COUNTRY_NUM,COUNTRY_NAME,COUNTRY_EN) values ('BF','부르키나 파소','BURKINA FASO');
Insert into BF.COUNTRY (COUNTRY_NUM,COUNTRY_NAME,COUNTRY_EN) values ('BT','부탄','BHUTAN');
Insert into BF.COUNTRY (COUNTRY_NUM,COUNTRY_NAME,COUNTRY_EN) values ('MP','북마리아나 군도','NORTHERN MARIANA ISLANDS');
Insert into BF.COUNTRY (COUNTRY_NUM,COUNTRY_NAME,COUNTRY_EN) values ('KP','북한','KOREA, DEMOCRATIC PEOPLE''S REPUBLIC OF');
Insert into BF.COUNTRY (COUNTRY_NUM,COUNTRY_NAME,COUNTRY_EN) values ('BG','불가리아','BULGARIA');
Insert into BF.COUNTRY (COUNTRY_NUM,COUNTRY_NAME,COUNTRY_EN) values ('BR','브라질','BRAZIL');
Insert into BF.COUNTRY (COUNTRY_NUM,COUNTRY_NAME,COUNTRY_EN) values ('BN','브루나이','BRUNEI DARUSSALAM');
Insert into BF.COUNTRY (COUNTRY_NUM,COUNTRY_NAME,COUNTRY_EN) values ('WS','사모아','SAMOA');
Insert into BF.COUNTRY (COUNTRY_NUM,COUNTRY_NAME,COUNTRY_EN) values ('SA','사우디 아라비아','SAUDI ARABIA');
Insert into BF.COUNTRY (COUNTRY_NUM,COUNTRY_NAME,COUNTRY_EN) values ('CY','사이프러스','CYPRUS');
Insert into BF.COUNTRY (COUNTRY_NUM,COUNTRY_NAME,COUNTRY_EN) values ('SM','산마리노','SAN MARINO');
Insert into BF.COUNTRY (COUNTRY_NUM,COUNTRY_NAME,COUNTRY_EN) values ('ST','상토메 프린스페','SAO TOME AND PRINCIPE');
Insert into BF.COUNTRY (COUNTRY_NUM,COUNTRY_NAME,COUNTRY_EN) values ('EH','서부 사하라','WESTERN SAHARA');
Insert into BF.COUNTRY (COUNTRY_NUM,COUNTRY_NAME,COUNTRY_EN) values ('SN','세네갈','SENEGAL');
Insert into BF.COUNTRY (COUNTRY_NUM,COUNTRY_NAME,COUNTRY_EN) values ('RS','세르비아','SERBIA');
Insert into BF.COUNTRY (COUNTRY_NUM,COUNTRY_NAME,COUNTRY_EN) values ('CS','세르비아 몬테네그로','SERBIA AND MONTENEGRO');
Insert into BF.COUNTRY (COUNTRY_NUM,COUNTRY_NAME,COUNTRY_EN) values ('SC','세이쉘','SEYCHELLES');
Insert into BF.COUNTRY (COUNTRY_NUM,COUNTRY_NAME,COUNTRY_EN) values ('LC','세인트 루시아','SAINT LUCIA');
Insert into BF.COUNTRY (COUNTRY_NUM,COUNTRY_NAME,COUNTRY_EN) values ('VC','세인트 빈센트 그레나딘','SAINT VINCENT AND THE GRENADINES');
Insert into BF.COUNTRY (COUNTRY_NUM,COUNTRY_NAME,COUNTRY_EN) values ('KN','세인트 키츠 네비스','SAINT KITTS AND NEVIS');
Insert into BF.COUNTRY (COUNTRY_NUM,COUNTRY_NAME,COUNTRY_EN) values ('PM','세인트 피레 미켈론','ST. PIERRE AND MIQUELON');
Insert into BF.COUNTRY (COUNTRY_NUM,COUNTRY_NAME,COUNTRY_EN) values ('SH','세인트 헬레나','ST. HELENA');
Insert into BF.COUNTRY (COUNTRY_NUM,COUNTRY_NAME,COUNTRY_EN) values ('SO','소말리아','SOMALIA');
Insert into BF.COUNTRY (COUNTRY_NUM,COUNTRY_NAME,COUNTRY_EN) values ('SB','솔로몬 군도','SOLOMON ISLANDS');
Insert into BF.COUNTRY (COUNTRY_NUM,COUNTRY_NAME,COUNTRY_EN) values ('SD','수단','SUDAN');
Insert into BF.COUNTRY (COUNTRY_NUM,COUNTRY_NAME,COUNTRY_EN) values ('SR','수리남','SURINAME');
Insert into BF.COUNTRY (COUNTRY_NUM,COUNTRY_NAME,COUNTRY_EN) values ('LK','스리랑카','SRI LANKA');
Insert into BF.COUNTRY (COUNTRY_NUM,COUNTRY_NAME,COUNTRY_EN) values ('SJ','스발비드 군도','SVALBARD AND JAN MAYEN ISLANDS');
Insert into BF.COUNTRY (COUNTRY_NUM,COUNTRY_NAME,COUNTRY_EN) values ('SZ','스와질랜드','SWAZILAND');
Insert into BF.COUNTRY (COUNTRY_NUM,COUNTRY_NAME,COUNTRY_EN) values ('SE','스웨덴','SWEDEN');
Insert into BF.COUNTRY (COUNTRY_NUM,COUNTRY_NAME,COUNTRY_EN) values ('CH','스위스','SWITZERLAND');
Insert into BF.COUNTRY (COUNTRY_NUM,COUNTRY_NAME,COUNTRY_EN) values ('ES','스페인','SPAIN');
Insert into BF.COUNTRY (COUNTRY_NUM,COUNTRY_NAME,COUNTRY_EN) values ('SK','슬로바키아','SLOVAKIA');
Insert into BF.COUNTRY (COUNTRY_NUM,COUNTRY_NAME,COUNTRY_EN) values ('SI','슬로베니아','SLOVENIA');
Insert into BF.COUNTRY (COUNTRY_NUM,COUNTRY_NAME,COUNTRY_EN) values ('SY','시리아','SYRIAN ARAB REPUBLIC');
Insert into BF.COUNTRY (COUNTRY_NUM,COUNTRY_NAME,COUNTRY_EN) values ('SL','시에라 리온','SIERRA LEONE');
Insert into BF.COUNTRY (COUNTRY_NUM,COUNTRY_NAME,COUNTRY_EN) values ('SG','싱가포르','SINGAPORE');
Insert into BF.COUNTRY (COUNTRY_NUM,COUNTRY_NAME,COUNTRY_EN) values ('AE','아랍에미리트 연합','UNITED ARAB EMIRATES');
Insert into BF.COUNTRY (COUNTRY_NUM,COUNTRY_NAME,COUNTRY_EN) values ('AW','아루바','ARUBA');
Insert into BF.COUNTRY (COUNTRY_NUM,COUNTRY_NAME,COUNTRY_EN) values ('AM','아르메니아','ARMENIA');
Insert into BF.COUNTRY (COUNTRY_NUM,COUNTRY_NAME,COUNTRY_EN) values ('AR','아르헨티나','ARGENTINA');
Insert into BF.COUNTRY (COUNTRY_NUM,COUNTRY_NAME,COUNTRY_EN) values ('AS','아메리칸 사모아','AMERICAN SAMOA');
Insert into BF.COUNTRY (COUNTRY_NUM,COUNTRY_NAME,COUNTRY_EN) values ('IS','아이슬란드','ICELAND');
Insert into BF.COUNTRY (COUNTRY_NUM,COUNTRY_NAME,COUNTRY_EN) values ('HT','아이티','HAITI');
Insert into BF.COUNTRY (COUNTRY_NUM,COUNTRY_NAME,COUNTRY_EN) values ('IE','아일랜드','IRELAND');
Insert into BF.COUNTRY (COUNTRY_NUM,COUNTRY_NAME,COUNTRY_EN) values ('AZ','아제르바이잔','AZERBAIJAN');
Insert into BF.COUNTRY (COUNTRY_NUM,COUNTRY_NAME,COUNTRY_EN) values ('AF','아프가니스탄','AFGHANISTAN');
Insert into BF.COUNTRY (COUNTRY_NUM,COUNTRY_NAME,COUNTRY_EN) values ('AD','안도라','ANDORRA');
Insert into BF.COUNTRY (COUNTRY_NUM,COUNTRY_NAME,COUNTRY_EN) values ('AQ','안타티카(남극)','ANTARCTICA');
Insert into BF.COUNTRY (COUNTRY_NUM,COUNTRY_NAME,COUNTRY_EN) values ('AG','안티가 바부다','ANTIGUA AND BARBUDA');
Insert into BF.COUNTRY (COUNTRY_NUM,COUNTRY_NAME,COUNTRY_EN) values ('AX','알랜드 군도','ALAND ISLANDS');
Insert into BF.COUNTRY (COUNTRY_NUM,COUNTRY_NAME,COUNTRY_EN) values ('AL','알바니아','ALBANIA');
Insert into BF.COUNTRY (COUNTRY_NUM,COUNTRY_NAME,COUNTRY_EN) values ('DZ','알제리','ALGERIA');
Insert into BF.COUNTRY (COUNTRY_NUM,COUNTRY_NAME,COUNTRY_EN) values ('AO','앙골라','ANGOLA');
Insert into BF.COUNTRY (COUNTRY_NUM,COUNTRY_NAME,COUNTRY_EN) values ('AI','앙귈라','ANGUILLA');
Insert into BF.COUNTRY (COUNTRY_NUM,COUNTRY_NAME,COUNTRY_EN) values ('ER','에리트리아','ERITREA');
Insert into BF.COUNTRY (COUNTRY_NUM,COUNTRY_NAME,COUNTRY_EN) values ('EE','에스토니아','ESTONIA');
Insert into BF.COUNTRY (COUNTRY_NUM,COUNTRY_NAME,COUNTRY_EN) values ('EC','에콰도르','ECUADOR');
Insert into BF.COUNTRY (COUNTRY_NUM,COUNTRY_NAME,COUNTRY_EN) values ('SV','엘살바도르','EL SALVADOR');
Insert into BF.COUNTRY (COUNTRY_NUM,COUNTRY_NAME,COUNTRY_EN) values ('GB','영국','UNITED KINGDOM');
Insert into BF.COUNTRY (COUNTRY_NUM,COUNTRY_NAME,COUNTRY_EN) values ('VG','영국령 버진군도','VIRGIN ISLANDS, BRITISH');
Insert into BF.COUNTRY (COUNTRY_NUM,COUNTRY_NAME,COUNTRY_EN) values ('IO','영국령 인도양','BRITISH INDIAN OCEAN TERRITORY');
Insert into BF.COUNTRY (COUNTRY_NUM,COUNTRY_NAME,COUNTRY_EN) values ('YE','예멘','YEMEN, REPUBLIC OF');
Insert into BF.COUNTRY (COUNTRY_NUM,COUNTRY_NAME,COUNTRY_EN) values ('OM','오만','OMAN');
Insert into BF.COUNTRY (COUNTRY_NUM,COUNTRY_NAME,COUNTRY_EN) values ('AT','오스트리아','AUSTRIA');
Insert into BF.COUNTRY (COUNTRY_NUM,COUNTRY_NAME,COUNTRY_EN) values ('HN','온두라스','HONDURAS');
Insert into BF.COUNTRY (COUNTRY_NUM,COUNTRY_NAME,COUNTRY_EN) values ('WF','왈라스 & 퓨투나','WALLIS AND FUTUNA ISLANDS');
Insert into BF.COUNTRY (COUNTRY_NUM,COUNTRY_NAME,COUNTRY_EN) values ('JO','요르단','JORDAN');
Insert into BF.COUNTRY (COUNTRY_NUM,COUNTRY_NAME,COUNTRY_EN) values ('UG','우간다','UGANDA');
Insert into BF.COUNTRY (COUNTRY_NUM,COUNTRY_NAME,COUNTRY_EN) values ('UY','우루과이','URUGUAY');
Insert into BF.COUNTRY (COUNTRY_NUM,COUNTRY_NAME,COUNTRY_EN) values ('UZ','우즈베키스탄','UZBEKISTAN');
Insert into BF.COUNTRY (COUNTRY_NUM,COUNTRY_NAME,COUNTRY_EN) values ('UA','우크라이나','UKRAINE');
Insert into BF.COUNTRY (COUNTRY_NUM,COUNTRY_NAME,COUNTRY_EN) values ('ET','이디오피아','ETHIOPIA');
Insert into BF.COUNTRY (COUNTRY_NUM,COUNTRY_NAME,COUNTRY_EN) values ('IQ','이라크','IRAQ');
Insert into BF.COUNTRY (COUNTRY_NUM,COUNTRY_NAME,COUNTRY_EN) values ('IR','이란','IRAN ');
Insert into BF.COUNTRY (COUNTRY_NUM,COUNTRY_NAME,COUNTRY_EN) values ('IL','이스라엘','ISRAEL');
Insert into BF.COUNTRY (COUNTRY_NUM,COUNTRY_NAME,COUNTRY_EN) values ('EG','이집트','EGYPT');
Insert into BF.COUNTRY (COUNTRY_NUM,COUNTRY_NAME,COUNTRY_EN) values ('IT','이탈리아','ITALY');
Insert into BF.COUNTRY (COUNTRY_NUM,COUNTRY_NAME,COUNTRY_EN) values ('IN','인도','INDIA');
Insert into BF.COUNTRY (COUNTRY_NUM,COUNTRY_NAME,COUNTRY_EN) values ('ID','인도네시아','INDONESIA');
Insert into BF.COUNTRY (COUNTRY_NUM,COUNTRY_NAME,COUNTRY_EN) values ('JP','일본','JAPAN');
Insert into BF.COUNTRY (COUNTRY_NUM,COUNTRY_NAME,COUNTRY_EN) values ('JM','자메이카','JAMAICA');
Insert into BF.COUNTRY (COUNTRY_NUM,COUNTRY_NAME,COUNTRY_EN) values ('ZM','잠비아','ZAMBIA');
Insert into BF.COUNTRY (COUNTRY_NUM,COUNTRY_NAME,COUNTRY_EN) values ('JE','저지','JERSEY');
Insert into BF.COUNTRY (COUNTRY_NUM,COUNTRY_NAME,COUNTRY_EN) values ('GQ','적도 기니','EQUATORIAL GUINEA');
Insert into BF.COUNTRY (COUNTRY_NUM,COUNTRY_NAME,COUNTRY_EN) values ('CN','중국','CHINA');
Insert into BF.COUNTRY (COUNTRY_NUM,COUNTRY_NAME,COUNTRY_EN) values ('CF','중앙아프리카','CENTRAL AFRICAN REPUBLIC');
Insert into BF.COUNTRY (COUNTRY_NUM,COUNTRY_NAME,COUNTRY_EN) values ('DJ','지부티','DJIBOUTI');
Insert into BF.COUNTRY (COUNTRY_NUM,COUNTRY_NAME,COUNTRY_EN) values ('GI','지브랄타','GIBRALTAR');
Insert into BF.COUNTRY (COUNTRY_NUM,COUNTRY_NAME,COUNTRY_EN) values ('ZW','짐바브웨','ZIMBABWE');
Insert into BF.COUNTRY (COUNTRY_NUM,COUNTRY_NAME,COUNTRY_EN) values ('TD','챠드','CHAD');
Insert into BF.COUNTRY (COUNTRY_NUM,COUNTRY_NAME,COUNTRY_EN) values ('CZ','체코공화국','CZECH REPUBLIC');
Insert into BF.COUNTRY (COUNTRY_NUM,COUNTRY_NAME,COUNTRY_EN) values ('CL','칠레','CHILE');
Insert into BF.COUNTRY (COUNTRY_NUM,COUNTRY_NAME,COUNTRY_EN) values ('CM','카메룬','CAMEROON');
Insert into BF.COUNTRY (COUNTRY_NUM,COUNTRY_NAME,COUNTRY_EN) values ('CV','카보 베르데','CAPE VERDE');
Insert into BF.COUNTRY (COUNTRY_NUM,COUNTRY_NAME,COUNTRY_EN) values ('KZ','카자흐스탄','KAZAKHSTAN');
Insert into BF.COUNTRY (COUNTRY_NUM,COUNTRY_NAME,COUNTRY_EN) values ('QA','카타르','QATAR');
Insert into BF.COUNTRY (COUNTRY_NUM,COUNTRY_NAME,COUNTRY_EN) values ('KH','캄보디아','CAMBODIA');
Insert into BF.COUNTRY (COUNTRY_NUM,COUNTRY_NAME,COUNTRY_EN) values ('CA','캐나다','CANADA');
Insert into BF.COUNTRY (COUNTRY_NUM,COUNTRY_NAME,COUNTRY_EN) values ('KE','케냐','KENYA');
Insert into BF.COUNTRY (COUNTRY_NUM,COUNTRY_NAME,COUNTRY_EN) values ('KY','케이만 군도','CAYMAN ISLANDS');
Insert into BF.COUNTRY (COUNTRY_NUM,COUNTRY_NAME,COUNTRY_EN) values ('KM','코모로스','COMOROS');
Insert into BF.COUNTRY (COUNTRY_NUM,COUNTRY_NAME,COUNTRY_EN) values ('CR','코스타리카','COSTA RICA');
Insert into BF.COUNTRY (COUNTRY_NUM,COUNTRY_NAME,COUNTRY_EN) values ('CC','코코스 군도','COCOS ISLANDS');
Insert into BF.COUNTRY (COUNTRY_NUM,COUNTRY_NAME,COUNTRY_EN) values ('CI','코트디봐르','COTE D''IVOIRE');
Insert into BF.COUNTRY (COUNTRY_NUM,COUNTRY_NAME,COUNTRY_EN) values ('CO','콜롬비아','COLOMBIA');
Insert into BF.COUNTRY (COUNTRY_NUM,COUNTRY_NAME,COUNTRY_EN) values ('CG','콩고','CONGO');
Insert into BF.COUNTRY (COUNTRY_NUM,COUNTRY_NAME,COUNTRY_EN) values ('CD','콩고 민주공화국','DEMOCRATIC REPUBLIC OF THE CONGO');
Insert into BF.COUNTRY (COUNTRY_NUM,COUNTRY_NAME,COUNTRY_EN) values ('CU','쿠바','CUBA');
Insert into BF.COUNTRY (COUNTRY_NUM,COUNTRY_NAME,COUNTRY_EN) values ('KW','쿠웨이트','KUWAIT');
Insert into BF.COUNTRY (COUNTRY_NUM,COUNTRY_NAME,COUNTRY_EN) values ('CK','쿡 아일랜드','COOK ISLANDS');
Insert into BF.COUNTRY (COUNTRY_NUM,COUNTRY_NAME,COUNTRY_EN) values ('HR','크로아티아','CROATIA');
Insert into BF.COUNTRY (COUNTRY_NUM,COUNTRY_NAME,COUNTRY_EN) values ('CX','크리스마스 아일랜드','CHRISTMAS ISLAND');
Insert into BF.COUNTRY (COUNTRY_NUM,COUNTRY_NAME,COUNTRY_EN) values ('KG','키르기스','KYRGYZSTAN');
Insert into BF.COUNTRY (COUNTRY_NUM,COUNTRY_NAME,COUNTRY_EN) values ('KI','키리바티','KIRIBATI');
Insert into BF.COUNTRY (COUNTRY_NUM,COUNTRY_NAME,COUNTRY_EN) values ('TJ','타지크스탄','TAJIKISTAN');
Insert into BF.COUNTRY (COUNTRY_NUM,COUNTRY_NAME,COUNTRY_EN) values ('TZ','탄자니아','TANZANIA, UNITED REPUBLIC OF');
Insert into BF.COUNTRY (COUNTRY_NUM,COUNTRY_NAME,COUNTRY_EN) values ('TH','태국','THAILAND');
Insert into BF.COUNTRY (COUNTRY_NUM,COUNTRY_NAME,COUNTRY_EN) values ('TR','터키','TURKEY');
Insert into BF.COUNTRY (COUNTRY_NUM,COUNTRY_NAME,COUNTRY_EN) values ('TG','토고','TOGO');
Insert into BF.COUNTRY (COUNTRY_NUM,COUNTRY_NAME,COUNTRY_EN) values ('TK','토켈라우','TOKELAU');
Insert into BF.COUNTRY (COUNTRY_NUM,COUNTRY_NAME,COUNTRY_EN) values ('TO','통가','TONGA');
Insert into BF.COUNTRY (COUNTRY_NUM,COUNTRY_NAME,COUNTRY_EN) values ('TC','투르크 & 카이코스 군도','TURKS AND CAICOS ISLANDS');
Insert into BF.COUNTRY (COUNTRY_NUM,COUNTRY_NAME,COUNTRY_EN) values ('TM','투르크멘','TURKMENISTAN');
Insert into BF.COUNTRY (COUNTRY_NUM,COUNTRY_NAME,COUNTRY_EN) values ('TV','투발루','TUVALU');
Insert into BF.COUNTRY (COUNTRY_NUM,COUNTRY_NAME,COUNTRY_EN) values ('TN','튀니지','TUNISIA');
Insert into BF.COUNTRY (COUNTRY_NUM,COUNTRY_NAME,COUNTRY_EN) values ('TT','트리니다드 토바고','TRINIDAD AND TOBAGO');
Insert into BF.COUNTRY (COUNTRY_NUM,COUNTRY_NAME,COUNTRY_EN) values ('PA','파나마','PANAMA');
Insert into BF.COUNTRY (COUNTRY_NUM,COUNTRY_NAME,COUNTRY_EN) values ('PY','파라과이','PARAGUAY');
Insert into BF.COUNTRY (COUNTRY_NUM,COUNTRY_NAME,COUNTRY_EN) values ('FO','파로에 군도','FAROE ISLANDS');
Insert into BF.COUNTRY (COUNTRY_NUM,COUNTRY_NAME,COUNTRY_EN) values ('PK','파키스탄','PAKISTAN');
Insert into BF.COUNTRY (COUNTRY_NUM,COUNTRY_NAME,COUNTRY_EN) values ('PG','파푸아 뉴기니','PAPUA NEW GUINEA');
Insert into BF.COUNTRY (COUNTRY_NUM,COUNTRY_NAME,COUNTRY_EN) values ('PW','팔라우','PALAU');
Insert into BF.COUNTRY (COUNTRY_NUM,COUNTRY_NAME,COUNTRY_EN) values ('PS','팔레스타인 지구','PALESTINE');
Insert into BF.COUNTRY (COUNTRY_NUM,COUNTRY_NAME,COUNTRY_EN) values ('PE','페루','PERU');
Insert into BF.COUNTRY (COUNTRY_NUM,COUNTRY_NAME,COUNTRY_EN) values ('PT','포르투갈','PORTUGAL');
Insert into BF.COUNTRY (COUNTRY_NUM,COUNTRY_NAME,COUNTRY_EN) values ('FK','포클랜드 군도','FALKLAND ISLANDS ');
Insert into BF.COUNTRY (COUNTRY_NUM,COUNTRY_NAME,COUNTRY_EN) values ('PL','폴란드','POLAND');
Insert into BF.COUNTRY (COUNTRY_NUM,COUNTRY_NAME,COUNTRY_EN) values ('PR','푸에르토리코','PUERTO RICO');
Insert into BF.COUNTRY (COUNTRY_NUM,COUNTRY_NAME,COUNTRY_EN) values ('FR','프랑스','FRANCE');
Insert into BF.COUNTRY (COUNTRY_NUM,COUNTRY_NAME,COUNTRY_EN) values ('GF','프랑스령 가이아나','FRENCH GUIANA');
Insert into BF.COUNTRY (COUNTRY_NUM,COUNTRY_NAME,COUNTRY_EN) values ('TF','프랑스령 남부지역','FRENCH SOUTHERN TERRITORIES');
Insert into BF.COUNTRY (COUNTRY_NUM,COUNTRY_NAME,COUNTRY_EN) values ('RE','프랑스령 리유니온','REUNION');
Insert into BF.COUNTRY (COUNTRY_NUM,COUNTRY_NAME,COUNTRY_EN) values ('PF','프랑스령 폴리네시아','FRENCH POLYNESIA');
Insert into BF.COUNTRY (COUNTRY_NUM,COUNTRY_NAME,COUNTRY_EN) values ('FJ','피지','FIJI');
Insert into BF.COUNTRY (COUNTRY_NUM,COUNTRY_NAME,COUNTRY_EN) values ('PN','피트카이른','PITCAIRN');
Insert into BF.COUNTRY (COUNTRY_NUM,COUNTRY_NAME,COUNTRY_EN) values ('FI','핀란드','FINLAND');
Insert into BF.COUNTRY (COUNTRY_NUM,COUNTRY_NAME,COUNTRY_EN) values ('PH','필리핀','PHILIPPINES');
Insert into BF.COUNTRY (COUNTRY_NUM,COUNTRY_NAME,COUNTRY_EN) values ('KR','대한민국','KOREA, REPUBLIC OF');
Insert into BF.COUNTRY (COUNTRY_NUM,COUNTRY_NAME,COUNTRY_EN) values ('HM','허드 앤 맥도날드 군도','HEARD AND MC DONALD ISLANDS');
Insert into BF.COUNTRY (COUNTRY_NUM,COUNTRY_NAME,COUNTRY_EN) values ('HU','헝가리','HUNGARY');
Insert into BF.COUNTRY (COUNTRY_NUM,COUNTRY_NAME,COUNTRY_EN) values ('AU','호주','AUSTRALIA');
Insert into BF.COUNTRY (COUNTRY_NUM,COUNTRY_NAME,COUNTRY_EN) values ('HK','홍콩','HONG KONG');
Insert into BF.COUNTRY (COUNTRY_NUM,COUNTRY_NAME,COUNTRY_EN) values ('NOT','없음','NOT');
Insert into BF.COUNTRY (COUNTRY_NUM,COUNTRY_NAME,COUNTRY_EN) values ('ATR','오스트레일리아','Australia');
Insert into BF.COUNTRY (COUNTRY_NUM,COUNTRY_NAME,COUNTRY_EN) values ('BVI','영국령 버진 아일랜드','British Virgin Islands');
Insert into BF.COUNTRY (COUNTRY_NUM,COUNTRY_NAME,COUNTRY_EN) values ('NAN','네덜란드령 안틸레스','Nederlandse Antillen');	
Insert into BF.COUNTRY (COUNTRY_NUM,COUNTRY_NAME,COUNTRY_EN) values ('BLS','벨라루스','Belarus');

-- ----------------------------------------------------------------------------------------
-- CASH_CHARG_MENU 삽입 데이터
INSERT INTO CASH_CHARGE_MENU VALUES(1, 1, 2000, 3);
INSERT INTO CASH_CHARGE_MENU VALUES(2, 2, 5000, 5);
INSERT INTO CASH_CHARGE_MENU VALUES(3, 3, 10000, 5);
INSERT INTO CASH_CHARGE_MENU VALUES(4, 4, 20000, 5);
INSERT INTO CASH_CHARGE_MENU VALUES(5, 5, 30000, 7);
INSERT INTO CASH_CHARGE_MENU VALUES(6, 6, 50000, 7);
INSERT INTO CASH_CHARGE_MENU VALUES(7, 7, 70000, 7);
INSERT INTO CASH_CHARGE_MENU VALUES(8, 8, 100000, 9);
INSERT INTO CASH_CHARGE_MENU VALUES(9, 9, 200000, 9);
INSERT INTO CASH_CHARGE_MENU VALUES(10, 10, 300000, 9);
INSERT INTO CASH_CHARGE_MENU VALUES(11, 11, 400000, 9);
INSERT INTO CASH_CHARGE_MENU VALUES(12, 12, 500000, 9);

-- ----------------------------------------------------------------------------------------
-- CASH_CHARGE_TYPE 삽입 데이터
INSERT INTO cash_charge_type VALUES(1, '네이버페이');
INSERT INTO cash_charge_type VALUES(2, '카카오페이');
INSERT INTO cash_charge_type VALUES(3, '삼성페이');
INSERT INTO cash_charge_type VALUES(4, '페이코');
INSERT INTO cash_charge_type VALUES(5, '페이나우');
INSERT INTO cash_charge_type VALUES(6, '신용카드');
INSERT INTO cash_charge_type VALUES(7, '휴대폰');
INSERT INTO cash_charge_type VALUES(8, '유선전화');
INSERT INTO cash_charge_type VALUES(9, '계좌이체');
INSERT INTO cash_charge_type VALUES(10, '컬쳐랜드문화상품권');
INSERT INTO cash_charge_type VALUES(11, '도서문화상품권');
INSERT INTO cash_charge_type VALUES(12, '해피머니(모바일팝)');
INSERT INTO cash_charge_type VALUES(13, '해외 발행 신용카드');
INSERT INTO cash_charge_type VALUES(14, '무통장입금');

-- FIRST_CATE
REM INSERTING into FIRST_CATE
SET DEFINE OFF;
Insert into FIRST_CATE (NUM,NAME) values (1,'일반');
Insert into FIRST_CATE (NUM,NAME) values (2,'로맨스');
Insert into FIRST_CATE (NUM,NAME) values (3,'판타지');
Insert into FIRST_CATE (NUM,NAME) values (4,'만화');
INSERT INTO FIRST_CATE (NUM,NAME) VALUES (5,'BL');

-- SECOND_CATE
REM INSERTING into SECOND_CATE
SET DEFINE OFF;
Insert into SECOND_CATE (NUM,NAME,FIRST_CATE) values (1,'소설',1);
Insert into SECOND_CATE (NUM,NAME,FIRST_CATE) values (2,'경영/경제',1);
Insert into SECOND_CATE (NUM,NAME,FIRST_CATE) values (3,'인문/사회/역사',1);
Insert into SECOND_CATE (NUM,NAME,FIRST_CATE) values (4,'자기계발',1);
Insert into SECOND_CATE (NUM,NAME,FIRST_CATE) values (5,'에세이/시',1);
Insert into SECOND_CATE (NUM,NAME,FIRST_CATE) values (6,'여행',1);
Insert into SECOND_CATE (NUM,NAME,FIRST_CATE) values (7,'종교',1);
Insert into SECOND_CATE (NUM,NAME,FIRST_CATE) values (8,'외국어',1);
Insert into SECOND_CATE (NUM,NAME,FIRST_CATE) values (9,'과학',1);
Insert into SECOND_CATE (NUM,NAME,FIRST_CATE) values (10,'진로/교육/교재',1);
Insert into SECOND_CATE (NUM,NAME,FIRST_CATE) values (11,'컴퓨터/IT',1);
Insert into SECOND_CATE (NUM,NAME,FIRST_CATE) values (12,'건강/다이어트',1);
Insert into SECOND_CATE (NUM,NAME,FIRST_CATE) values (13,'가정/생활',1);
Insert into SECOND_CATE (NUM,NAME,FIRST_CATE) values (14,'어린이/청소년',1);
Insert into SECOND_CATE (NUM,NAME,FIRST_CATE) values (15,'해외도서',1);
Insert into SECOND_CATE (NUM,NAME,FIRST_CATE) values (16,'잡지',1);
Insert into SECOND_CATE (NUM,NAME,FIRST_CATE) values (17,'로맨스 단행본',2);
Insert into SECOND_CATE (NUM,NAME,FIRST_CATE) values (18,'로맨스 연재',2);
Insert into SECOND_CATE (NUM,NAME,FIRST_CATE) values (19,'판타지 단행본',3);
Insert into SECOND_CATE (NUM,NAME,FIRST_CATE) values (20,'판타지 연재',3);
Insert into SECOND_CATE (NUM,NAME,FIRST_CATE) values (21,'만화',4);
Insert into SECOND_CATE (NUM,NAME,FIRST_CATE) values (22,'BL 단행본',5);
Insert into SECOND_CATE (NUM,NAME,FIRST_CATE) values (23,'BL 연재',5);
INSERT INTO SECOND_CATE (NUM,NAME,FIRST_CATE) VALUES (24,'라이트노벨',5);

-- THIRD_CATE
REM INSERTING into THIRD_CATE
SET DEFINE OFF;
Insert into THIRD_CATE (NUM,NAME,SECOND_CATE) values (1,'한국소설',1);
Insert into THIRD_CATE (NUM,NAME,SECOND_CATE) values (2,'영미소설',1);
Insert into THIRD_CATE (NUM,NAME,SECOND_CATE) values (3,'일본소설',1);
Insert into THIRD_CATE (NUM,NAME,SECOND_CATE) values (4,'중국소설',1);
Insert into THIRD_CATE (NUM,NAME,SECOND_CATE) values (5,'북유럽소설',1);
Insert into THIRD_CATE (NUM,NAME,SECOND_CATE) values (6,'독일소설',1);
Insert into THIRD_CATE (NUM,NAME,SECOND_CATE) values (7,'프랑스소설',1);
Insert into THIRD_CATE (NUM,NAME,SECOND_CATE) values (8,'기타국가소설',1);
Insert into THIRD_CATE (NUM,NAME,SECOND_CATE) values (9,'추리/미스터리/스릴러',1);
Insert into THIRD_CATE (NUM,NAME,SECOND_CATE) values (10,'SF소설',1);
Insert into THIRD_CATE (NUM,NAME,SECOND_CATE) values (11,'국내판타지소설',1);
Insert into THIRD_CATE (NUM,NAME,SECOND_CATE) values (12,'해외판타지소설',1);
Insert into THIRD_CATE (NUM,NAME,SECOND_CATE) values (13,'국내역사소설',1);
Insert into THIRD_CATE (NUM,NAME,SECOND_CATE) values (14,'해외역사소설',1);
Insert into THIRD_CATE (NUM,NAME,SECOND_CATE) values (15,'대체역사소설',1);
Insert into THIRD_CATE (NUM,NAME,SECOND_CATE) values (16,'동양고전문학',1);
Insert into THIRD_CATE (NUM,NAME,SECOND_CATE) values (17,'서양고전문학',1);
Insert into THIRD_CATE (NUM,NAME,SECOND_CATE) values (18,'경영일반',2);
Insert into THIRD_CATE (NUM,NAME,SECOND_CATE) values (19,'경제일반',2);
Insert into THIRD_CATE (NUM,NAME,SECOND_CATE) values (20,'마케팅/세일즈',2);
Insert into THIRD_CATE (NUM,NAME,SECOND_CATE) values (21,'재테크/금융/부동산',2);
Insert into THIRD_CATE (NUM,NAME,SECOND_CATE) values (22,'CEO/리더십',2);
Insert into THIRD_CATE (NUM,NAME,SECOND_CATE) values (23,'인문',3);
Insert into THIRD_CATE (NUM,NAME,SECOND_CATE) values (24,'정치/사회',3);
Insert into THIRD_CATE (NUM,NAME,SECOND_CATE) values (25,'예술/문화',3);
Insert into THIRD_CATE (NUM,NAME,SECOND_CATE) values (26,'역사',3);
Insert into THIRD_CATE (NUM,NAME,SECOND_CATE) values (27,'성공/삶의자세',4);
Insert into THIRD_CATE (NUM,NAME,SECOND_CATE) values (28,'기획/창의/리더십',4);
Insert into THIRD_CATE (NUM,NAME,SECOND_CATE) values (29,'설득/화술/협상',4);
Insert into THIRD_CATE (NUM,NAME,SECOND_CATE) values (30,'취업/창업',4);
Insert into THIRD_CATE (NUM,NAME,SECOND_CATE) values (31,'여성',4);
Insert into THIRD_CATE (NUM,NAME,SECOND_CATE) values (32,'인간관계',4);
Insert into THIRD_CATE (NUM,NAME,SECOND_CATE) values (33,'에세이',5);
Insert into THIRD_CATE (NUM,NAME,SECOND_CATE) values (34,'시',5);
Insert into THIRD_CATE (NUM,NAME,SECOND_CATE) values (35,'국내여행',6);
Insert into THIRD_CATE (NUM,NAME,SECOND_CATE) values (36,'해외여행',6);
Insert into THIRD_CATE (NUM,NAME,SECOND_CATE) values (37,'종교일반',7);
Insert into THIRD_CATE (NUM,NAME,SECOND_CATE) values (38,'가톨릭',7);
Insert into THIRD_CATE (NUM,NAME,SECOND_CATE) values (39,'기독교(개신교)',7);
Insert into THIRD_CATE (NUM,NAME,SECOND_CATE) values (40,'불교',7);
Insert into THIRD_CATE (NUM,NAME,SECOND_CATE) values (41,'기타',7);
Insert into THIRD_CATE (NUM,NAME,SECOND_CATE) values (42,'비즈니스영어',8);
Insert into THIRD_CATE (NUM,NAME,SECOND_CATE) values (43,'일반영어',8);
Insert into THIRD_CATE (NUM,NAME,SECOND_CATE) values (44,'제2외국어',8);
Insert into THIRD_CATE (NUM,NAME,SECOND_CATE) values (45,'어학시험',8);
Insert into THIRD_CATE (NUM,NAME,SECOND_CATE) values (46,'과학일반',9);
Insert into THIRD_CATE (NUM,NAME,SECOND_CATE) values (47,'수학',9);
Insert into THIRD_CATE (NUM,NAME,SECOND_CATE) values (48,'자연과학',9);
Insert into THIRD_CATE (NUM,NAME,SECOND_CATE) values (49,'응용과학',9);
Insert into THIRD_CATE (NUM,NAME,SECOND_CATE) values (50,'공부법',10);
Insert into THIRD_CATE (NUM,NAME,SECOND_CATE) values (51,'특목고/자사고',10);
Insert into THIRD_CATE (NUM,NAME,SECOND_CATE) values (52,'대입 수시',10);
Insert into THIRD_CATE (NUM,NAME,SECOND_CATE) values (53,'대입 논술',10);
Insert into THIRD_CATE (NUM,NAME,SECOND_CATE) values (54,'대입 합격수기',10);
Insert into THIRD_CATE (NUM,NAME,SECOND_CATE) values (55,'진로 탐색',10);
Insert into THIRD_CATE (NUM,NAME,SECOND_CATE) values (56,'유학/MBA',10);
Insert into THIRD_CATE (NUM,NAME,SECOND_CATE) values (57,'교재/수험서',10);
Insert into THIRD_CATE (NUM,NAME,SECOND_CATE) values (58,'IT 비즈니스',11);
Insert into THIRD_CATE (NUM,NAME,SECOND_CATE) values (59,'개발/프로그래밍',11);
Insert into THIRD_CATE (NUM,NAME,SECOND_CATE) values (60,'컴퓨터/앱 활용',11);
Insert into THIRD_CATE (NUM,NAME,SECOND_CATE) values (61,'IT자격증',11);
Insert into THIRD_CATE (NUM,NAME,SECOND_CATE) values (62,'IT 해외원서',11);
Insert into THIRD_CATE (NUM,NAME,SECOND_CATE) values (63,'다이어트/운동/스포츠',12);
Insert into THIRD_CATE (NUM,NAME,SECOND_CATE) values (64,'스타일/뷰티',12);
Insert into THIRD_CATE (NUM,NAME,SECOND_CATE) values (65,'건강',12);
Insert into THIRD_CATE (NUM,NAME,SECOND_CATE) values (66,'결혼/임신/출산',13);
Insert into THIRD_CATE (NUM,NAME,SECOND_CATE) values (67,'육아/자녀교육',13);
Insert into THIRD_CATE (NUM,NAME,SECOND_CATE) values (68,'취미/요리/기타',13);
Insert into THIRD_CATE (NUM,NAME,SECOND_CATE) values (69,'유아',14);
Insert into THIRD_CATE (NUM,NAME,SECOND_CATE) values (70,'어린이',14);
Insert into THIRD_CATE (NUM,NAME,SECOND_CATE) values (71,'청소년',14);
Insert into THIRD_CATE (NUM,NAME,SECOND_CATE) values (72,'해외도서',15);
Insert into THIRD_CATE (NUM,NAME,SECOND_CATE) values (73,'경영/재테크',16);
Insert into THIRD_CATE (NUM,NAME,SECOND_CATE) values (74,'문학/교양',16);
Insert into THIRD_CATE (NUM,NAME,SECOND_CATE) values (75,'여성/패션/뷰티',16);
Insert into THIRD_CATE (NUM,NAME,SECOND_CATE) values (76,'디자인/예술',16);
Insert into THIRD_CATE (NUM,NAME,SECOND_CATE) values (77,'건강/스포츠',16);
Insert into THIRD_CATE (NUM,NAME,SECOND_CATE) values (78,'취미/여행/요리',16);
Insert into THIRD_CATE (NUM,NAME,SECOND_CATE) values (79,'과학/IT',16);
Insert into THIRD_CATE (NUM,NAME,SECOND_CATE) values (80,'종교',16);
Insert into THIRD_CATE (NUM,NAME,SECOND_CATE) values (81,'만화',16);
Insert into THIRD_CATE (NUM,NAME,SECOND_CATE) values (82,'성인(19+)',16);
Insert into THIRD_CATE (NUM,NAME,SECOND_CATE) values (83,'현대물',17);
Insert into THIRD_CATE (NUM,NAME,SECOND_CATE) values (84,'역사/시대물',17);
Insert into THIRD_CATE (NUM,NAME,SECOND_CATE) values (85,'판타지물',17);
Insert into THIRD_CATE (NUM,NAME,SECOND_CATE) values (86,'할리퀸소설',17);
Insert into THIRD_CATE (NUM,NAME,SECOND_CATE) values (87,'19+',17);
Insert into THIRD_CATE (NUM,NAME,SECOND_CATE) values (88,'TL소설',17);
Insert into THIRD_CATE (NUM,NAME,SECOND_CATE) values (89,'섹슈얼 로맨스',17);
Insert into THIRD_CATE (NUM,NAME,SECOND_CATE) values (90,'하이틴',17);
Insert into THIRD_CATE (NUM,NAME,SECOND_CATE) values (91,'현대물',18);
Insert into THIRD_CATE (NUM,NAME,SECOND_CATE) values (92,'역사/시대물',18);
Insert into THIRD_CATE (NUM,NAME,SECOND_CATE) values (93,'판타지물',18);
Insert into THIRD_CATE (NUM,NAME,SECOND_CATE) values (94,'정통판타지',19);
Insert into THIRD_CATE (NUM,NAME,SECOND_CATE) values (95,'퓨전판타지',19);
Insert into THIRD_CATE (NUM,NAME,SECOND_CATE) values (96,'현대판타지',19);
Insert into THIRD_CATE (NUM,NAME,SECOND_CATE) values (97,'게임판타지',19);
Insert into THIRD_CATE (NUM,NAME,SECOND_CATE) values (98,'대체역사물',19);
Insert into THIRD_CATE (NUM,NAME,SECOND_CATE) values (99,'스포츠물',19);
Insert into THIRD_CATE (NUM,NAME,SECOND_CATE) values (100,'신무협',19);
Insert into THIRD_CATE (NUM,NAME,SECOND_CATE) values (101,'전통무협',19);
Insert into THIRD_CATE (NUM,NAME,SECOND_CATE) values (102,'정통판타지',20);
Insert into THIRD_CATE (NUM,NAME,SECOND_CATE) values (103,'퓨전판타지',20);
Insert into THIRD_CATE (NUM,NAME,SECOND_CATE) values (104,'현대판타지',20);
Insert into THIRD_CATE (NUM,NAME,SECOND_CATE) values (105,'무협소설',20);
Insert into THIRD_CATE (NUM,NAME,SECOND_CATE) values (106,'국내순정',21);
Insert into THIRD_CATE (NUM,NAME,SECOND_CATE) values (107,'해외순정',21);
Insert into THIRD_CATE (NUM,NAME,SECOND_CATE) values (108,'드라마',21);
Insert into THIRD_CATE (NUM,NAME,SECOND_CATE) values (109,'성인',21);
Insert into THIRD_CATE (NUM,NAME,SECOND_CATE) values (110,'할리퀸',21);
Insert into THIRD_CATE (NUM,NAME,SECOND_CATE) values (111,'무협',21);
Insert into THIRD_CATE (NUM,NAME,SECOND_CATE) values (112,'학원',21);
Insert into THIRD_CATE (NUM,NAME,SECOND_CATE) values (113,'액션',21);
Insert into THIRD_CATE (NUM,NAME,SECOND_CATE) values (114,'판타지/SF',21);
Insert into THIRD_CATE (NUM,NAME,SECOND_CATE) values (115,'스포츠',21);
Insert into THIRD_CATE (NUM,NAME,SECOND_CATE) values (116,'코믹',21);
Insert into THIRD_CATE (NUM,NAME,SECOND_CATE) values (117,'공포/추리',21);
Insert into THIRD_CATE (NUM,NAME,SECOND_CATE) values (118,'만화잡지',21);
Insert into THIRD_CATE (NUM,NAME,SECOND_CATE) values (119,'국내소설',22);
Insert into THIRD_CATE (NUM,NAME,SECOND_CATE) values (120,'해외소설',22);
Insert into THIRD_CATE (NUM,NAME,SECOND_CATE) values (121,'국내만화',22);
Insert into THIRD_CATE (NUM,NAME,SECOND_CATE) values (122,'해외만화',22);
Insert into THIRD_CATE (NUM,NAME,SECOND_CATE) values (123,'소설',23);
Insert into THIRD_CATE (NUM,NAME,SECOND_CATE) values (124,'만화',23);
Insert into THIRD_CATE (NUM,NAME,SECOND_CATE) values (125,'남성향 라노벨',24);
Insert into THIRD_CATE (NUM,NAME,SECOND_CATE) values (126,'여성향 라노벨',24);
INSERT INTO THIRD_CATE (NUM,NAME,SECOND_CATE) VALUES (127,'TL',24);

-- ACCUSE_CATE
REM INSERTING into ACCUSE_CATE
SET DEFINE OFF;
Insert into ACCUSE_CATE (NUM,DESCRIPTION) values (1,'욕설/비속어');
Insert into ACCUSE_CATE (NUM,DESCRIPTION) values (2,'타인/특정 종교/민족/계층 비방');
Insert into ACCUSE_CATE (NUM,DESCRIPTION) values (3,'홍보 및 반복적인 내용');
Insert into ACCUSE_CATE (NUM,DESCRIPTION) values (4,'음란성/선정성');
Insert into ACCUSE_CATE (NUM,DESCRIPTION) values (5,'저작권상 문제의 소지가 있는 내용');
INSERT INTO ACCUSE_CATE (NUM,DESCRIPTION) VALUES (6,'결말을 알 수 있는 내용(스포일러)');


-- QNA_CATE1
REM INSERTING into QNA_CATE1
SET DEFINE OFF;
Insert into QNA_CATE1 (NUM,NAME) values (1,'아이디/로그인');
Insert into QNA_CATE1 (NUM,NAME) values (2,'결제/환불');
Insert into QNA_CATE1 (NUM,NAME) values (3,'이용문의');
Insert into QNA_CATE1 (NUM,NAME) values (10,'사용문의');
Insert into QNA_CATE1 (NUM,NAME) values (11,'도서문의');
Insert into QNA_CATE1 (NUM,NAME) values (4,'오류/활용');
INSERT INTO QNA_CATE1 (NUM,NAME) VALUES (5,'시스템업데이트');


-- QNA_CATE2
REM INSERTING into QNA_CATE2
SET DEFINE OFF;
Insert into QNA_CATE2 (NUM,NAME,CATE1_NUM) values (1,'회원가입',1);
Insert into QNA_CATE2 (NUM,NAME,CATE1_NUM) values (2,'로그인/비밀번호',1);
Insert into QNA_CATE2 (NUM,NAME,CATE1_NUM) values (3,'성인인증',1);
Insert into QNA_CATE2 (NUM,NAME,CATE1_NUM) values (4,'회원탈퇴',1);
Insert into QNA_CATE2 (NUM,NAME,CATE1_NUM) values (5,'적립금/포인트',2);
Insert into QNA_CATE2 (NUM,NAME,CATE1_NUM) values (6,'리디캐시',2);
Insert into QNA_CATE2 (NUM,NAME,CATE1_NUM) values (7,'쿠폰',2);
Insert into QNA_CATE2 (NUM,NAME,CATE1_NUM) values (8,'신용/체크카드',2);
Insert into QNA_CATE2 (NUM,NAME,CATE1_NUM) values (9,'현금관련',2);
Insert into QNA_CATE2 (NUM,NAME,CATE1_NUM) values (10,'인터넷오류',3);
Insert into QNA_CATE2 (NUM,NAME,CATE1_NUM) values (11,'성인인증오류',3);
Insert into QNA_CATE2 (NUM,NAME,CATE1_NUM) values (12,'화면오류',3);
Insert into QNA_CATE2 (NUM,NAME,CATE1_NUM) values (13,'버튼오류',3);
Insert into QNA_CATE2 (NUM,NAME,CATE1_NUM) values (14,'시스템오류',3);
Insert into QNA_CATE2 (NUM,NAME,CATE1_NUM) values (100,'아이디/로그인',10);
Insert into QNA_CATE2 (NUM,NAME,CATE1_NUM) values (101,'결제/환불',10);
Insert into QNA_CATE2 (NUM,NAME,CATE1_NUM) values (102,'이용문의',10);
Insert into QNA_CATE2 (NUM,NAME,CATE1_NUM) values (103,'오류/활용',10);
Insert into QNA_CATE2 (NUM,NAME,CATE1_NUM) values (104,'시스템업데이트',10);
Insert into QNA_CATE2 (NUM,NAME,CATE1_NUM) values (105,'서비스제안',10);
Insert into QNA_CATE2 (NUM,NAME,CATE1_NUM) values (106,'기타',10);
Insert into QNA_CATE2 (NUM,NAME,CATE1_NUM) values (201,'판타지/무협',11);
Insert into QNA_CATE2 (NUM,NAME,CATE1_NUM) values (202,'로맨스',11);
Insert into QNA_CATE2 (NUM,NAME,CATE1_NUM) values (203,'만화',11);
Insert into QNA_CATE2 (NUM,NAME,CATE1_NUM) values (204,'일반',11);
INSERT INTO QNA_CATE2 (NUM,NAME,CATE1_NUM) VALUES (205,'BL(소설/만화)',11);
